,mean_jaccard,isolation_forest,lof,combined_rank,combined_score,anomaly_score
SRR22959909,0.8209778720270281,0.4567716445291814,1.160302315892374,11.333333333333334,0.0,1.0
SRR22959905,0.8249541661743699,0.41954981518792717,1.0763391621878653,11.333333333333334,0.0,1.0
SRR22959922,0.8237374208089502,0.41406898180613033,1.1425390995215405,11.666666666666666,0.006097560975609623,0.9939024390243903
SRR22959861,0.8225609364885598,0.41911555265286343,1.0530161458146052,15.333333333333334,0.07317073170731574,0.9268292682926843
